{
    "a": 0.009,
    "largeur_piste": 0.0008329852530967696,
    "distance_meandre": 0.0008329852530967696,
    "feed": 0.03612667948972404,
    "mesh_size": 0.0051428579892788
}