{
    "a": 0.009,
    "b": 0.04,
    "largeur_piste": 0.0009306081113516287,
    "distance_meandre": 0.0009306081113516287,
    "feed": 0.03609119263892178,
    "mesh_size": 0.0038571434919591
}