{
    "a": 0.021599999999999998,
    "largeur_piste": 0.0011001348652061565,
    "distance_meandre": 0.0011001348652061565,
    "feed": 0.05583834462633018
}