{
    "a": 0.0405,
    "largeur_piste": 0.0021741558314561414,
    "distance_meandre": 0.0021741558314561414,
    "feed": 0.05402446888195504,
    "mesh_size": 0.017718750000000002
}