{
    "a": 0.0351,
    "largeur_piste": 0.0020414545854574202,
    "distance_meandre": 0.0020414545854574202,
    "feed": 0.054409464737132464
}