{
    "a": 0.0297,
    "largeur_piste": 0.001681590670440657,
    "distance_meandre": 0.001681590670440657,
    "feed": 0.05494840305068476
}