{
    "a": 0.030600000000000002,
    "largeur_piste": 0.0018083620282347227,
    "distance_meandre": 0.0018083620282347227,
    "feed": 0.054438625157946854
}