{
    "a": 0.036,
    "largeur_piste": 0.0022433611678843736,
    "distance_meandre": 0.0022433611678843736,
    "feed": 0.053905812381983914
}