{
    "a": 0.036899999999999995,
    "largeur_piste": 0.0022302043364999954,
    "distance_meandre": 0.0022302043364999954,
    "feed": 0.05340783628983028
}