{
    "a": 0.0379998,
    "largeur_piste": 0.0026403619936913856,
    "distance_meandre": 0.0026403619936913856,
    "feed": 0.05350278551069994,
    "mesh_size": 0.008142814285714286
}