{
    "a": 0.0288,
    "largeur_piste": 0.0016359967883036017,
    "distance_meandre": 0.0016359967883036017,
    "feed": 0.055023282761121325
}