{
    "a": 0.0342,
    "largeur_piste": 0.0021048141072446762,
    "distance_meandre": 0.0021048141072446762,
    "feed": 0.05430621607307453
}