{
    "a": 0.033299999999999996,
    "largeur_piste": 0.001983614967547467,
    "distance_meandre": 0.001983614967547467,
    "feed": 0.054497027487739255
}