{
    "a": 0.0378,
    "largeur_piste": 0.002306995582739706,
    "distance_meandre": 0.002306995582739706,
    "feed": 0.05208702124884269
}