{
    "a": 0.0225,
    "largeur_piste": 0.0014457073009282737,
    "distance_meandre": 0.0014457073009282737,
    "feed": 0.05531135988763485
}