{
    "a": 0.0189,
    "largeur_piste": 0.0008953958891012964,
    "distance_meandre": 0.0008953958891012964,
    "feed": 0.056147584548274246
}