{
    "a": 0.018,
    "largeur_piste": 0.000974055536934873,
    "distance_meandre": 0.000974055536934873,
    "feed": 0.05597065087764136,
    "mesh_size": 0.0054
}