{
    "a": 0.019799999999999998,
    "largeur_piste": 0.000863567760462705,
    "distance_meandre": 0.000863567760462705,
    "feed": 0.05601893585296233
}