{
    "a": 0.0379998,
    "largeur_piste": 0.0026386209043450675,
    "distance_meandre": 0.0026386209043450675,
    "feed": 0.053505421326386915,
    "mesh_size": 0.008137444807121662
}