{
    "a": 0.0324,
    "largeur_piste": 0.0018752359764817096,
    "distance_meandre": 0.0018752359764817096,
    "feed": 0.05465457127531336
}