{
    "a": 0.0387,
    "largeur_piste": 0.0025130967688641384,
    "distance_meandre": 0.0025130967688641384,
    "feed": 0.0528
}