{
    "a": 0.0225,
    "largeur_piste": 0.001247757230667507,
    "distance_meandre": 0.001247757230667507,
    "feed": 0.05557613496323939
}