{
    "a": 0.0135,
    "largeur_piste": 0.000735,
    "distance_meandre": 0.000735,
    "feed": 0.054,
    "mesh_size": 0.0035
}