{
    "a": 0.0315,
    "largeur_piste": 0.001889536570605483,
    "distance_meandre": 0.001889536570605483,
    "feed": 0.05370341584767927
}