{
    "a": 0.0207,
    "largeur_piste": 0.0010077906605354796,
    "distance_meandre": 0.0010077906605354796,
    "feed": 0.05300041130949753
}