{
    "a": 0.027899999999999998,
    "largeur_piste": 0.0015382254449758449,
    "distance_meandre": 0.0015382254449758449,
    "feed": 0.05427244129898531
}