{
    "a": 0.015,
    "b": 0.03,
    "largeur_piste": 0.0010465921244437412,
    "distance_meandre": 0.0010465921244437412,
    "feed": 0.02292008140902817,
    "mesh_size": 0.0045000000000000005
}