{
    "a": 0.02,
    "b": 0.03,
    "largeur_piste": 0.0014221552290337512,
    "distance_meandre": 0.0014221552290337512,
    "feed": 0.02516562561967083,
    "mesh_size": 0.006
}