{
    "a": 0.015,
    "b": 0.03,
    "largeur_piste": 0.0009421889174734316,
    "distance_meandre": 0.0009421889174734316,
    "feed": 0.02354881182441759,
    "mesh_size": 0.0045000000000000005
}